PolygonLayer2_label,Value0
,6.8
,3.4
,6.4
,4.9
,4
,7.3
,5.4
,6.3
,5.3
,6.6
,4.6
,3.9
,5.7
,3.6
,6.1
,3.6
,4.2
,3.2
,4.7
,5.5
,4.6
,5.8
,5.7
,5.9
,3.4
,5.6
,4.4
,3.4
,2.5
,7.2
,3.5
,6.3
,6.8
,6.9
,4.8
,3.7
,5.1
,3.8
,5.2
,6.3
,5.6
,4
,3.1
,4.3
,5.7
,2.7
,3.4
,3.9
,5.2
,5
,3.8
,4.5
,7.9

fips1,name,year,ID2008,Textbox50,ID2009,Textbox53,ID2010,Textbox56,ID2011,Textbox59,ID20121,Textbox62,ID2013,Textbox65,ID20141,Textbox68,ID2015,Textbox71,ID20161,Textbox12,Textbox20,Textbox11
48000,Texas,2013,6.3,2014,5.2,2015,4.5,2016,4.6,2017,4.3,2018,3.9,2019,3.5,2020,7.7,2021,5.7,Median Household Income (2020),"$66,048",100.0%
48001,"Anderson County, TX",2013,5.8,2014,4.7,2015,4.0,2016,4.3,2017,3.7,2018,3.1,2019,2.9,2020,5.7,2021,4.8,Median Household Income (2020),"$50,879",77.0%
48003,"Andrews County, TX",2013,3.8,2014,3.0,2015,3.5,2016,4.7,2017,3.1,2018,2.4,2019,2.3,2020,8.2,2021,5.9,Median Household Income (2020),"$76,600",116.0%
48005,"Angelina County, TX",2013,6.5,2014,5.3,2015,5.6,2016,5.9,2017,5.1,2018,4.4,2019,4.0,2020,7.6,2021,6.5,Median Household Income (2020),"$49,943",75.6%
48007,"Aransas County, TX",2013,6.6,2014,5.6,2015,5.1,2016,5.6,2017,6.9,2018,6.0,2019,4.3,2020,8.4,2021,7.3,Median Household Income (2020),"$51,461",77.9%
48009,"Archer County, TX",2013,5.3,2014,4.6,2015,4.5,2016,4.3,2017,3.4,2018,3.1,2019,2.8,2020,5.3,2021,4.2,Median Household Income (2020),"$69,566",105.3%
48011,"Armstrong County, TX",2013,4.0,2014,3.3,2015,2.7,2016,2.8,2017,2.6,2018,2.7,2019,2.7,2020,4.3,2021,3.6,Median Household Income (2020),"$62,256",94.3%
48013,"Atascosa County, TX",2013,6.3,2014,5.0,2015,4.8,2016,5.3,2017,4.3,2018,3.8,2019,3.6,2020,8.5,2021,6.2,Median Household Income (2020),"$60,594",91.7%
48015,"Austin County, TX",2013,5.9,2014,4.8,2015,4.6,2016,5.3,2017,4.4,2018,3.7,2019,3.4,2020,6.6,2021,5.5,Median Household Income (2020),"$60,593",91.7%
48017,"Bailey County, TX",2013,7.2,2014,5.1,2015,4.3,2016,4.4,2017,4.3,2018,4.4,2019,3.7,2020,4.8,2021,4.9,Median Household Income (2020),"$48,259",73.1%
48019,"Bandera County, TX",2013,6.1,2014,4.8,2015,4.0,2016,4.1,2017,3.6,2018,3.4,2019,3.3,2020,5.8,2021,4.7,Median Household Income (2020),"$64,389",97.5%
48021,"Bastrop County, TX",2013,6.2,2014,4.9,2015,3.9,2016,3.7,2017,3.6,2018,3.4,2019,3.1,2020,6.0,2021,4.5,Median Household Income (2020),"$74,612",113.0%
48023,"Baylor County, TX",2013,5.3,2014,4.3,2015,3.6,2016,3.6,2017,3.4,2018,3.2,2019,2.3,2020,3.4,2021,3.4,Median Household Income (2020),"$44,392",67.2%
48025,"Bee County, TX",2013,6.6,2014,5.9,2015,6.2,2016,7.5,2017,6.5,2018,5.1,2019,4.4,2020,9.9,2021,8.7,Median Household Income (2020),"$46,316",70.1%
48027,"Bell County, TX",2013,7.0,2014,5.9,2015,4.7,2016,4.5,2017,4.3,2018,4.2,2019,3.9,2020,7.0,2021,5.7,Median Household Income (2020),"$53,639",81.2%
48029,"Bexar County, TX",2013,5.9,2014,4.7,2015,3.8,2016,3.8,2017,3.6,2018,3.4,2019,3.2,2020,7.6,2021,5.4,Median Household Income (2020),"$60,477",91.6%
48031,"Blanco County, TX",2013,4.7,2014,3.7,2015,3.2,2016,3.1,2017,2.8,2018,2.6,2019,2.4,2020,3.8,2021,3.3,Median Household Income (2020),"$66,383",100.5%
48033,"Borden County, TX",2013,4.1,2014,3.1,2015,2.9,2016,3.6,2017,3.4,2018,3.2,2019,2.5,2020,3.4,2021,2.4,Median Household Income (2020),"$69,499",105.2%
48035,"Bosque County, TX",2013,6.5,2014,5.2,2015,4.5,2016,4.3,2017,4.0,2018,3.7,2019,3.4,2020,5.5,2021,4.6,Median Household Income (2020),"$58,056",87.9%
48037,"Bowie County, TX",2013,7.7,2014,6.4,2015,4.8,2016,4.7,2017,4.6,2018,5.0,2019,4.4,2020,7.4,2021,5.8,Median Household Income (2020),"$50,326",76.2%
48039,"Brazoria County, TX",2013,6.2,2014,5.2,2015,4.6,2016,5.2,2017,5.3,2018,4.6,2019,4.2,2020,8.6,2021,6.9,Median Household Income (2020),"$83,576",126.5%
48041,"Brazos County, TX",2013,4.9,2014,4.0,2015,3.3,2016,3.5,2017,3.1,2018,2.9,2019,2.7,2020,5.3,2021,4.1,Median Household Income (2020),"$53,570",81.1%
48043,"Brewster County, TX",2013,5.6,2014,4.7,2015,4.0,2016,3.8,2017,3.5,2018,3.4,2019,2.9,2020,6.6,2021,4.5,Median Household Income (2020),"$48,537",73.5%
48045,"Briscoe County, TX",2013,5.7,2014,4.2,2015,3.9,2016,4.4,2017,4.4,2018,4.0,2019,3.5,2020,4.7,2021,4.7,Median Household Income (2020),"$50,062",75.8%
48047,"Brooks County, TX",2013,9.1,2014,7.8,2015,10.0,2016,11.8,2017,8.3,2018,6.5,2019,5.1,2020,10.7,2021,9.2,Median Household Income (2020),"$33,513",50.7%
48049,"Brown County, TX",2013,6.5,2014,5.2,2015,4.4,2016,4.4,2017,3.9,2018,3.8,2019,3.7,2020,6.5,2021,5.2,Median Household Income (2020),"$48,752",73.8%
48051,"Burleson County, TX",2013,6.2,2014,4.8,2015,4.4,2016,4.7,2017,4.2,2018,3.6,2019,3.1,2020,6.4,2021,5.0,Median Household Income (2020),"$64,836",98.2%
48053,"Burnet County, TX",2013,5.5,2014,4.4,2015,3.7,2016,3.5,2017,3.2,2018,2.9,2019,2.7,2020,4.8,2021,3.7,Median Household Income (2020),"$63,813",96.6%
48055,"Caldwell County, TX",2013,6.6,2014,5.3,2015,4.4,2016,4.3,2017,4.0,2018,3.7,2019,3.4,2020,6.5,2021,4.9,Median Household Income (2020),"$66,128",100.1%
48057,"Calhoun County, TX",2013,6.2,2014,4.8,2015,4.0,2016,5.6,2017,5.8,2018,4.1,2019,3.2,2020,5.8,2021,4.9,Median Household Income (2020),"$58,470",88.5%
48059,"Callahan County, TX",2013,5.8,2014,4.5,2015,4.3,2016,4.3,2017,3.7,2018,3.4,2019,3.1,2020,5.4,2021,4.6,Median Household Income (2020),"$54,862",83.1%
48061,"Cameron County, TX",2013,10.0,2014,8.4,2015,7.2,2016,7.2,2017,7.0,2018,6.2,2019,5.5,2020,10.1,2021,8.2,Median Household Income (2020),"$44,440",67.3%
48063,"Camp County, TX",2013,7.4,2014,6.2,2015,6.2,2016,6.9,2017,5.7,2018,4.9,2019,4.2,2020,7.4,2021,5.9,Median Household Income (2020),"$43,130",65.3%
48065,"Carson County, TX",2013,4.5,2014,3.4,2015,3.2,2016,3.3,2017,3.3,2018,2.8,2019,2.6,2020,4.2,2021,3.9,Median Household Income (2020),"$66,597",100.8%
48067,"Cass County, TX",2013,9.3,2014,7.7,2015,6.8,2016,7.2,2017,6.0,2018,5.1,2019,4.3,2020,7.9,2021,6.7,Median Household Income (2020),"$50,595",76.6%
48069,"Castro County, TX",2013,4.7,2014,4.0,2015,3.4,2016,3.1,2017,3.3,2018,2.9,2019,2.8,2020,3.6,2021,3.5,Median Household Income (2020),"$55,139",83.5%
48071,"Chambers County, TX",2013,7.4,2014,5.8,2015,5.4,2016,6.1,2017,6.6,2018,5.4,2019,4.5,2020,9.4,2021,8.3,Median Household Income (2020),"$89,991",136.3%
48073,"Cherokee County, TX",2013,7.0,2014,5.9,2015,5.2,2016,5.1,2017,4.6,2018,4.2,2019,3.8,2020,7.9,2021,6.4,Median Household Income (2020),"$45,894",69.5%
48075,"Childress County, TX",2013,4.3,2014,3.7,2015,3.1,2016,3.0,2017,3.0,2018,2.7,2019,2.7,2020,3.7,2021,3.6,Median Household Income (2020),"$45,473",68.8%
48077,"Clay County, TX",2013,5.6,2014,4.6,2015,4.4,2016,4.4,2017,3.6,2018,3.2,2019,3.1,2020,5.5,2021,4.9,Median Household Income (2020),"$62,763",95.0%
48079,"Cochran County, TX",2013,6.7,2014,5.2,2015,5.2,2016,5.0,2017,4.6,2018,4.4,2019,3.4,2020,7.1,2021,6.3,Median Household Income (2020),"$44,584",67.5%
48081,"Coke County, TX",2013,5.1,2014,4.4,2015,4.1,2016,4.1,2017,3.7,2018,3.5,2019,3.3,2020,5.5,2021,4.8,Median Household Income (2020),"$51,050",77.3%
48083,"Coleman County, TX",2013,7.6,2014,6.2,2015,5.6,2016,5.8,2017,4.5,2018,4.0,2019,4.1,2020,7.3,2021,6.0,Median Household Income (2020),"$43,623",66.0%
48085,"Collin County, TX",2013,5.6,2014,4.6,2015,3.7,2016,3.5,2017,3.5,2018,3.4,2019,3.1,2020,6.3,2021,4.3,Median Household Income (2020),"$101,560",153.8%
48087,"Collingsworth County, TX",2013,5.2,2014,4.1,2015,3.7,2016,3.5,2017,3.5,2018,3.2,2019,3.1,2020,4.2,2021,4.3,Median Household Income (2020),"$47,885",72.5%
48089,"Colorado County, TX",2013,5.8,2014,4.5,2015,4.0,2016,4.7,2017,4.0,2018,3.3,2019,3.1,2020,5.6,2021,4.8,Median Household Income (2020),"$52,726",79.8%
48091,"Comal County, TX",2013,6.0,2014,4.6,2015,3.7,2016,3.6,2017,3.4,2018,3.2,2019,3.0,2020,6.1,2021,4.5,Median Household Income (2020),"$79,290",120.0%
48093,"Comanche County, TX",2013,5.9,2014,4.9,2015,4.3,2016,4.3,2017,3.7,2018,3.6,2019,3.2,2020,5.5,2021,4.6,Median Household Income (2020),"$47,282",71.6%
48095,"Concho County, TX",2013,4.0,2014,3.0,2015,3.3,2016,3.4,2017,4.2,2018,3.7,2019,3.1,2020,4.5,2021,4.2,Median Household Income (2020),"$47,412",71.8%
48097,"Cooke County, TX",2013,5.0,2014,3.9,2015,3.7,2016,4.0,2017,3.6,2018,3.1,2019,2.8,2020,7.1,2021,5.0,Median Household Income (2020),"$66,323",100.4%
48099,"Coryell County, TX",2013,7.2,2014,6.0,2015,4.8,2016,4.7,2017,4.4,2018,4.2,2019,4.0,2020,6.6,2021,5.7,Median Household Income (2020),"$58,398",88.4%
48101,"Cottle County, TX",2013,6.9,2014,6.3,2015,7.1,2016,5.1,2017,4.3,2018,4.4,2019,4.2,2020,5.0,2021,4.6,Median Household Income (2020),"$44,430",67.3%
48103,"Crane County, TX",2013,4.5,2014,4.1,2015,5.8,2016,8.6,2017,5.3,2018,3.9,2019,4.0,2020,13.6,2021,9.6,Median Household Income (2020),"$67,547",102.3%
48105,"Crockett County, TX",2013,5.2,2014,3.8,2015,6.0,2016,7.5,2017,4.1,2018,3.0,2019,2.9,2020,8.9,2021,6.7,Median Household Income (2020),"$54,458",82.5%
48107,"Crosby County, TX",2013,6.0,2014,4.8,2015,4.4,2016,4.4,2017,4.2,2018,4.7,2019,4.0,2020,5.3,2021,5.6,Median Household Income (2020),"$42,804",64.8%
48109,"Culberson County, TX",2013,5.1,2014,4.2,2015,4.2,2016,4.1,2017,3.7,2018,3.1,2019,4.1,2020,6.6,2021,4.8,Median Household Income (2020),"$47,479",71.9%
48111,"Dallam County, TX",2013,3.5,2014,3.0,2015,2.2,2016,2.2,2017,2.2,2018,2.0,2019,2.0,2020,2.8,2021,2.6,Median Household Income (2020),"$55,253",83.7%
48113,"Dallas County, TX",2013,6.6,2014,5.5,2015,4.3,2016,4.0,2017,4.0,2018,3.8,2019,3.5,2020,7.8,2021,5.6,Median Household Income (2020),"$65,770",99.6%
48115,"Dawson County, TX",2013,6.4,2014,4.9,2015,4.6,2016,5.0,2017,4.9,2018,4.3,2019,3.9,2020,8.7,2021,7.0,Median Household Income (2020),"$47,233",71.5%
48117,"Deaf Smith County, TX",2013,4.5,2014,3.7,2015,3.2,2016,3.1,2017,3.1,2018,2.8,2019,2.7,2020,3.6,2021,3.7,Median Household Income (2020),"$51,412",77.8%
48119,"Delta County, TX",2013,6.4,2014,6.1,2015,4.6,2016,3.8,2017,3.4,2018,3.5,2019,3.4,2020,5.5,2021,4.9,Median Household Income (2020),"$50,456",76.4%
48121,"Denton County, TX",2013,5.4,2014,4.5,2015,3.6,2016,3.4,2017,3.4,2018,3.2,2019,3.0,2020,6.4,2021,4.4,Median Household Income (2020),"$90,880",137.6%
48123,"DeWitt County, TX",2013,4.8,2014,3.9,2015,4.0,2016,5.5,2017,4.4,2018,3.2,2019,2.6,2020,6.1,2021,4.8,Median Household Income (2020),"$53,899",81.6%
48125,"Dickens County, TX",2013,9.4,2014,6.3,2015,4.7,2016,4.9,2017,4.9,2018,4.3,2019,4.2,2020,6.3,2021,5.1,Median Household Income (2020),"$42,034",63.6%
48127,"Dimmit County, TX",2013,5.1,2014,3.8,2015,4.7,2016,7.1,2017,5.1,2018,3.0,2019,2.5,2020,6.4,2021,5.7,Median Household Income (2020),"$42,788",64.8%
48129,"Donley County, TX",2013,5.1,2014,4.9,2015,4.2,2016,4.0,2017,3.7,2018,3.5,2019,3.4,2020,4.4,2021,4.1,Median Household Income (2020),"$57,526",87.1%
48131,"Duval County, TX",2013,6.4,2014,5.6,2015,8.1,2016,10.9,2017,7.7,2018,5.3,2019,4.5,2020,12.2,2021,8.3,Median Household Income (2020),"$40,601",61.5%
48133,"Eastland County, TX",2013,6.1,2014,4.9,2015,4.8,2016,5.5,2017,4.3,2018,3.4,2019,3.3,2020,6.7,2021,5.8,Median Household Income (2020),"$50,317",76.2%
48135,"Ector County, TX",2013,4.4,2014,3.5,2015,4.7,2016,6.4,2017,4.1,2018,2.7,2019,2.7,2020,11.0,2021,8.3,Median Household Income (2020),"$62,669",94.9%
48137,"Edwards County, TX",2013,5.9,2014,4.4,2015,4.6,2016,4.6,2017,3.2,2018,2.9,2019,2.3,2020,3.5,2021,4.3,Median Household Income (2020),"$45,330",68.6%
48139,"Ellis County, TX",2013,6.2,2014,5.0,2015,4.0,2016,3.8,2017,3.5,2018,3.3,2019,3.1,2020,6.0,2021,4.5,Median Household Income (2020),"$79,849",120.9%
48141,"El Paso County, TX",2013,8.0,2014,6.5,2015,5.2,2016,5.0,2017,4.7,2018,4.3,2019,3.8,2020,8.3,2021,6.2,Median Household Income (2020),"$48,522",73.5%
48143,"Erath County, TX",2013,5.4,2014,4.3,2015,4.0,2016,4.1,2017,3.4,2018,3.1,2019,3.2,2020,5.7,2021,4.5,Median Household Income (2020),"$61,453",93.0%
48145,"Falls County, TX",2013,7.1,2014,5.6,2015,4.3,2016,4.4,2017,4.3,2018,3.9,2019,3.3,2020,6.1,2021,5.3,Median Household Income (2020),"$44,590",67.5%
48147,"Fannin County, TX",2013,7.0,2014,5.4,2015,4.1,2016,3.8,2017,3.4,2018,3.1,2019,2.8,2020,4.7,2021,4.0,Median Household Income (2020),"$59,746",90.5%
48149,"Fayette County, TX",2013,4.5,2014,3.5,2015,3.3,2016,3.7,2017,3.2,2018,2.8,2019,2.6,2020,4.7,2021,4.3,Median Household Income (2020),"$63,713",96.5%
48151,"Fisher County, TX",2013,5.5,2014,4.6,2015,3.9,2016,4.3,2017,3.6,2018,3.2,2019,2.9,2020,4.5,2021,4.2,Median Household Income (2020),"$52,828",80.0%
48153,"Floyd County, TX",2013,8.9,2014,7.2,2015,5.6,2016,5.0,2017,5.5,2018,5.2,2019,4.4,2020,6.2,2021,5.8,Median Household Income (2020),"$44,256",67.0%
48155,"Foard County, TX",2013,5.2,2014,4.3,2015,4.2,2016,3.7,2017,3.6,2018,2.9,2019,3.0,2020,4.0,2021,3.4,Median Household Income (2020),"$40,955",62.0%
48157,"Fort Bend County, TX",2013,5.5,2014,4.6,2015,4.3,2016,5.0,2017,4.7,2018,4.0,2019,3.5,2020,7.6,2021,5.9,Median Household Income (2020),"$97,210",147.2%
48159,"Franklin County, TX",2013,6.6,2014,5.2,2015,4.9,2016,4.9,2017,4.7,2018,4.2,2019,3.6,2020,5.4,2021,4.4,Median Household Income (2020),"$58,927",89.2%
48161,"Freestone County, TX",2013,7.0,2014,5.7,2015,5.5,2016,6.7,2017,6.4,2018,5.9,2019,4.8,2020,8.3,2021,7.2,Median Household Income (2020),"$54,502",82.5%
48163,"Frio County, TX",2013,4.7,2014,3.6,2015,3.9,2016,4.9,2017,4.0,2018,2.9,2019,2.6,2020,5.7,2021,4.8,Median Household Income (2020),"$47,007",71.2%
48165,"Gaines County, TX",2013,4.2,2014,3.3,2015,3.3,2016,3.7,2017,3.1,2018,2.6,2019,2.4,2020,5.6,2021,4.6,Median Household Income (2020),"$63,528",96.2%
48167,"Galveston County, TX",2013,6.9,2014,5.7,2015,5.0,2016,5.3,2017,5.3,2018,4.7,2019,4.1,2020,8.8,2021,6.7,Median Household Income (2020),"$78,465",118.8%
48169,"Garza County, TX",2013,4.6,2014,3.7,2015,3.7,2016,3.9,2017,3.3,2018,2.9,2019,2.6,2020,6.8,2021,5.0,Median Household Income (2020),"$50,934",77.1%
48171,"Gillespie County, TX",2013,4.4,2014,3.6,2015,2.9,2016,2.8,2017,2.6,2018,2.6,2019,2.4,2020,4.8,2021,3.3,Median Household Income (2020),"$64,365",97.5%
48173,"Glasscock County, TX",2013,3.6,2014,2.7,2015,2.8,2016,3.9,2017,2.7,2018,2.1,2019,2.2,2020,3.6,2021,2.9,Median Household Income (2020),"$85,001",128.7%
48175,"Goliad County, TX",2013,5.2,2014,4.2,2015,4.5,2016,5.8,2017,5.0,2018,3.8,2019,3.4,2020,7.8,2021,6.6,Median Household Income (2020),"$54,970",83.2%
48177,"Gonzales County, TX",2013,5.2,2014,3.9,2015,3.7,2016,4.2,2017,3.5,2018,3.1,2019,2.7,2020,5.4,2021,4.3,Median Household Income (2020),"$55,363",83.8%
48179,"Gray County, TX",2013,5.2,2014,4.1,2015,5.7,2016,6.9,2017,5.3,2018,3.9,2019,3.6,2020,8.1,2021,6.7,Median Household Income (2020),"$54,141",82.0%
48181,"Grayson County, TX",2013,6.3,2014,4.9,2015,4.1,2016,3.9,2017,3.6,2018,3.3,2019,3.1,2020,5.9,2021,4.6,Median Household Income (2020),"$59,554",90.2%
48183,"Gregg County, TX",2013,6.0,2014,4.9,2015,5.0,2016,6.1,2017,5.2,2018,4.2,2019,3.8,2020,8.3,2021,6.5,Median Household Income (2020),"$51,394",77.8%
48185,"Grimes County, TX",2013,6.1,2014,4.8,2015,5.4,2016,6.6,2017,5.4,2018,4.2,2019,4.0,2020,8.1,2021,6.7,Median Household Income (2020),"$57,795",87.5%
48187,"Guadalupe County, TX",2013,5.5,2014,4.4,2015,3.6,2016,3.6,2017,3.4,2018,3.2,2019,3.0,2020,6.1,2021,4.4,Median Household Income (2020),"$78,909",119.5%
48189,"Hale County, TX",2013,13.4,2014,9.5,2015,6.4,2016,5.6,2017,5.2,2018,4.8,2019,4.5,2020,6.8,2021,6.1,Median Household Income (2020),"$46,589",70.5%
48191,"Hall County, TX",2013,7.1,2014,6.3,2015,5.4,2016,6.7,2017,6.2,2018,4.5,2019,4.2,2020,5.8,2021,5.4,Median Household Income (2020),"$36,654",55.5%
48193,"Hamilton County, TX",2013,6.0,2014,4.7,2015,4.7,2016,4.9,2017,4.0,2018,3.3,2019,3.0,2020,4.6,2021,4.1,Median Household Income (2020),"$52,840",80.0%
48195,"Hansford County, TX",2013,3.3,2014,2.6,2015,3.0,2016,3.1,2017,2.6,2018,2.3,2019,2.4,2020,3.5,2021,3.0,Median Household Income (2020),"$61,059",92.4%
48197,"Hardeman County, TX",2013,5.8,2014,5.0,2015,4.9,2016,3.9,2017,4.0,2018,3.6,2019,3.0,2020,4.4,2021,4.3,Median Household Income (2020),"$63,479",96.1%
48199,"Hardin County, TX",2013,8.1,2014,6.4,2015,5.7,2016,6.1,2017,6.2,2018,5.2,2019,4.6,2020,8.9,2021,8.0,Median Household Income (2020),"$69,151",104.7%
48201,"Harris County, TX",2013,6.1,2014,5.1,2015,4.7,2016,5.3,2017,5.1,2018,4.4,2019,3.9,2020,9.0,2021,6.5,Median Household Income (2020),"$61,906",93.7%
48203,"Harrison County, TX",2013,6.9,2014,5.6,2015,5.3,2016,6.0,2017,5.3,2018,4.4,2019,4.0,2020,7.9,2021,6.6,Median Household Income (2020),"$55,198",83.6%
48205,"Hartley County, TX",2013,3.2,2014,2.6,2015,2.1,2016,2.0,2017,2.0,2018,1.8,2019,1.7,2020,2.0,2021,2.1,Median Household Income (2020),"$74,686",113.1%
48207,"Haskell County, TX",2013,5.0,2014,4.0,2015,3.5,2016,4.2,2017,4.8,2018,3.9,2019,3.3,2020,4.3,2021,3.9,Median Household Income (2020),"$44,847",67.9%
48209,"Hays County, TX",2013,5.4,2014,4.3,2015,3.5,2016,3.3,2017,3.2,2018,3.0,2019,2.8,2020,6.3,2021,4.1,Median Household Income (2020),"$77,511",117.4%
48211,"Hemphill County, TX",2013,3.0,2014,2.4,2015,3.2,2016,3.7,2017,2.5,2018,2.1,2019,2.6,2020,4.6,2021,4.3,Median Household Income (2020),"$65,718",99.5%
48213,"Henderson County, TX",2013,7.2,2014,5.7,2015,4.9,2016,4.7,2017,4.2,2018,3.8,2019,3.5,2020,6.4,2021,5.1,Median Household Income (2020),"$52,660",79.7%
48215,"Hidalgo County, TX",2013,10.4,2014,8.9,2015,8.0,2016,7.8,2017,7.5,2018,6.6,2019,6.3,2020,11.7,2021,9.3,Median Household Income (2020),"$46,653",70.6%
48217,"Hill County, TX",2013,6.5,2014,5.3,2015,4.6,2016,4.4,2017,4.0,2018,3.7,2019,3.3,2020,6.3,2021,5.0,Median Household Income (2020),"$56,565",85.6%
48219,"Hockley County, TX",2013,5.1,2014,3.9,2015,4.2,2016,4.7,2017,3.7,2018,3.1,2019,3.0,2020,8.0,2021,6.0,Median Household Income (2020),"$55,469",84.0%
48221,"Hood County, TX",2013,6.1,2014,5.0,2015,4.5,2016,4.7,2017,4.2,2018,3.7,2019,3.4,2020,6.6,2021,5.2,Median Household Income (2020),"$85,449",129.4%
48223,"Hopkins County, TX",2013,5.8,2014,4.8,2015,4.2,2016,4.0,2017,3.6,2018,3.4,2019,3.1,2020,5.1,2021,4.3,Median Household Income (2020),"$53,634",81.2%
48225,"Houston County, TX",2013,6.3,2014,5.0,2015,4.5,2016,4.6,2017,4.4,2018,3.8,2019,3.1,2020,5.2,2021,4.8,Median Household Income (2020),"$45,989",69.6%
48227,"Howard County, TX",2013,5.4,2014,4.4,2015,4.6,2016,5.5,2017,4.3,2018,3.3,2019,3.1,2020,8.1,2021,6.5,Median Household Income (2020),"$58,445",88.5%
48229,"Hudspeth County, TX",2013,7.0,2014,6.4,2015,5.7,2016,6.0,2017,5.8,2018,4.6,2019,4.3,2020,8.1,2021,5.8,Median Household Income (2020),"$40,666",61.6%
48231,"Hunt County, TX",2013,7.5,2014,6.0,2015,4.8,2016,4.3,2017,4.0,2018,3.8,2019,3.6,2020,6.6,2021,5.1,Median Household Income (2020),"$53,760",81.4%
48233,"Hutchinson County, TX",2013,6.2,2014,4.4,2015,4.4,2016,5.6,2017,6.1,2018,5.0,2019,4.4,2020,7.2,2021,6.0,Median Household Income (2020),"$62,536",94.7%
48235,"Irion County, TX",2013,4.2,2014,3.7,2015,3.6,2016,3.2,2017,3.1,2018,3.0,2019,2.4,2020,6.0,2021,4.9,Median Household Income (2020),"$73,776",111.7%
48237,"Jack County, TX",2013,5.4,2014,3.8,2015,4.2,2016,5.0,2017,3.8,2018,2.5,2019,3.2,2020,7.0,2021,5.5,Median Household Income (2020),"$56,028",84.8%
48239,"Jackson County, TX",2013,5.0,2014,4.0,2015,3.8,2016,4.7,2017,4.0,2018,3.3,2019,3.0,2020,5.8,2021,5.0,Median Household Income (2020),"$56,101",84.9%
48241,"Jasper County, TX",2013,10.5,2014,8.3,2015,7.5,2016,7.7,2017,7.5,2018,6.6,2019,6.1,2020,11.2,2021,9.7,Median Household Income (2020),"$51,153",77.4%
48243,"Jeff Davis County, TX",2013,4.1,2014,3.7,2015,3.3,2016,3.0,2017,3.2,2018,2.9,2019,2.9,2020,5.1,2021,4.3,Median Household Income (2020),"$55,718",84.4%
48245,"Jefferson County, TX",2013,11.0,2014,8.4,2015,7.0,2016,7.0,2017,7.4,2018,6.4,2019,5.8,2020,12.0,2021,10.0,Median Household Income (2020),"$48,808",73.9%
48247,"Jim Hogg County, TX",2013,7.2,2014,6.1,2015,7.2,2016,9.6,2017,7.3,2018,5.7,2019,4.8,2020,9.6,2021,8.8,Median Household Income (2020),"$41,620",63.0%
48249,"Jim Wells County, TX",2013,6.2,2014,5.3,2015,7.9,2016,10.6,2017,7.6,2018,5.5,2019,4.7,2020,13.0,2021,10.2,Median Household Income (2020),"$48,773",73.8%
48251,"Johnson County, TX",2013,6.2,2014,5.1,2015,4.4,2016,4.4,2017,3.8,2018,3.5,2019,3.2,2020,6.5,2021,4.9,Median Household Income (2020),"$67,382",102.0%
48253,"Jones County, TX",2013,6.8,2014,5.6,2015,5.5,2016,5.8,2017,5.4,2018,4.8,2019,4.3,2020,7.1,2021,6.2,Median Household Income (2020),"$47,019",71.2%
48255,"Karnes County, TX",2013,5.4,2014,3.7,2015,4.3,2016,4.9,2017,3.5,2018,2.9,2019,2.5,2020,6.3,2021,5.2,Median Household Income (2020),"$56,006",84.8%
48257,"Kaufman County, TX",2013,6.4,2014,5.2,2015,4.1,2016,3.8,2017,3.6,2018,3.5,2019,3.2,2020,6.4,2021,4.9,Median Household Income (2020),"$76,352",115.6%
48259,"Kendall County, TX",2013,5.1,2014,4.1,2015,3.3,2016,3.2,2017,3.1,2018,2.9,2019,2.7,2020,5.1,2021,3.8,Median Household Income (2020),"$103,216",156.3%
48261,"Kenedy County, TX",2013,4.1,2014,3.0,2015,3.2,2016,4.6,2017,3.3,2018,3.7,2019,3.5,2020,5.6,2021,6.0,Median Household Income (2020),"$45,980",69.6%
48263,"Kent County, TX",2013,4.0,2014,3.5,2015,2.6,2016,3.0,2017,2.7,2018,2.5,2019,2.4,2020,3.9,2021,2.9,Median Household Income (2020),"$53,472",81.0%
48265,"Kerr County, TX",2013,5.6,2014,4.4,2015,3.7,2016,3.6,2017,3.4,2018,3.3,2019,3.0,2020,5.8,2021,4.5,Median Household Income (2020),"$57,425",86.9%
48267,"Kimble County, TX",2013,4.9,2014,3.9,2015,3.7,2016,3.8,2017,3.6,2018,3.0,2019,3.0,2020,5.0,2021,4.1,Median Household Income (2020),"$47,894",72.5%
48269,"King County, TX",2013,4.6,2014,4.0,2015,3.5,2016,3.9,2017,3.7,2018,2.9,2019,2.1,2020,1.7,2021,0.9,Median Household Income (2020),"$78,210",118.4%
48271,"Kinney County, TX",2013,9.6,2014,7.3,2015,6.4,2016,5.8,2017,5.6,2018,4.4,2019,3.6,2020,5.9,2021,5.5,Median Household Income (2020),"$62,557",94.7%
48273,"Kleberg County, TX",2013,6.5,2014,5.5,2015,5.9,2016,6.7,2017,6.0,2018,5.0,2019,4.3,2020,8.5,2021,7.1,Median Household Income (2020),"$51,574",78.1%
48275,"Knox County, TX",2013,5.4,2014,4.4,2015,3.8,2016,4.2,2017,4.0,2018,3.6,2019,3.2,2020,5.6,2021,4.7,Median Household Income (2020),"$46,053",69.7%
48277,"Lamar County, TX",2013,8.2,2014,6.2,2015,4.8,2016,4.6,2017,4.2,2018,3.8,2019,3.4,2020,6.4,2021,5.5,Median Household Income (2020),"$44,688",67.7%
48279,"Lamb County, TX",2013,6.9,2014,5.9,2015,9.0,2016,6.5,2017,5.2,2018,4.4,2019,3.8,2020,5.2,2021,5.0,Median Household Income (2020),"$48,123",72.9%
48281,"Lampasas County, TX",2013,7.2,2014,5.7,2015,4.4,2016,4.2,2017,3.8,2018,3.8,2019,3.3,2020,5.4,2021,4.8,Median Household Income (2020),"$69,051",104.5%
48283,"La Salle County, TX",2013,3.8,2014,3.1,2015,4.2,2016,5.1,2017,3.7,2018,2.4,2019,2.4,2020,6.7,2021,4.3,Median Household Income (2020),"$45,647",69.1%
48285,"Lavaca County, TX",2013,4.7,2014,4.0,2015,3.8,2016,4.2,2017,3.6,2018,3.1,2019,3.0,2020,5.2,2021,4.5,Median Household Income (2020),"$57,999",87.8%
48287,"Lee County, TX",2013,5.1,2014,4.0,2015,3.6,2016,3.8,2017,3.3,2018,3.1,2019,2.6,2020,4.9,2021,4.3,Median Household Income (2020),"$61,444",93.0%
48289,"Leon County, TX",2013,7.0,2014,5.4,2015,5.4,2016,6.5,2017,6.4,2018,5.0,2019,4.4,2020,7.8,2021,7.1,Median Household Income (2020),"$52,878",80.1%
48291,"Liberty County, TX",2013,9.0,2014,7.3,2015,7.0,2016,7.5,2017,7.2,2018,5.9,2019,5.0,2020,10.4,2021,9.2,Median Household Income (2020),"$61,230",92.7%
48293,"Limestone County, TX",2013,6.8,2014,5.9,2015,5.1,2016,5.6,2017,5.6,2018,4.7,2019,3.9,2020,7.1,2021,6.2,Median Household Income (2020),"$53,143",80.5%
48295,"Lipscomb County, TX",2013,4.0,2014,3.4,2015,3.9,2016,4.4,2017,3.2,2018,2.8,2019,2.7,2020,4.2,2021,3.7,Median Household Income (2020),"$67,775",102.6%
48297,"Live Oak County, TX",2013,4.4,2014,3.6,2015,4.0,2016,5.9,2017,4.7,2018,3.8,2019,3.1,2020,7.5,2021,6.8,Median Household Income (2020),"$54,031",81.8%
48299,"Llano County, TX",2013,6.5,2014,5.2,2015,4.3,2016,4.2,2017,3.8,2018,3.7,2019,3.5,2020,5.7,2021,4.8,Median Household Income (2020),"$60,706",91.9%
48301,"Loving County, TX",2013,5.3,2014,5.1,2015,5.2,2016,4.7,2017,5.0,2018,1.5,2019,0.8,2020,1.7,2021,0.9,Median Household Income (2020),"$97,491",147.6%
48303,"Lubbock County, TX",2013,5.0,2014,4.0,2015,3.4,2016,3.4,2017,3.2,2018,3.1,2019,2.8,2020,5.7,2021,4.5,Median Household Income (2020),"$56,477",85.5%
48305,"Lynn County, TX",2013,5.3,2014,4.4,2015,4.1,2016,4.0,2017,3.8,2018,3.3,2019,3.0,2020,5.5,2021,4.3,Median Household Income (2020),"$51,003",77.2%
48307,"McCulloch County, TX",2013,5.3,2014,4.3,2015,4.8,2016,4.5,2017,3.6,2018,3.3,2019,5.2,2020,7.5,2021,6.5,Median Household Income (2020),"$47,617",72.1%
48309,"McLennan County, TX",2013,6.2,2014,5.1,2015,4.1,2016,4.0,2017,3.9,2018,3.6,2019,3.3,2020,6.2,2021,4.9,Median Household Income (2020),"$55,148",83.5%
48311,"McMullen County, TX",2013,2.7,2014,2.0,2015,2.1,2016,2.1,2017,1.9,2018,1.8,2019,1.6,2020,2.8,2021,2.3,Median Household Income (2020),"$45,927",69.5%
48313,"Madison County, TX",2013,6.5,2014,4.9,2015,4.3,2016,5.1,2017,4.8,2018,4.4,2019,4.2,2020,7.2,2021,6.2,Median Household Income (2020),"$58,674",88.8%
48315,"Marion County, TX",2013,8.1,2014,6.5,2015,6.5,2016,7.0,2017,5.7,2018,4.5,2019,4.2,2020,8.3,2021,6.9,Median Household Income (2020),"$42,024",63.6%
48317,"Martin County, TX",2013,4.3,2014,3.4,2015,3.5,2016,4.4,2017,3.3,2018,2.5,2019,2.6,2020,6.1,2021,4.8,Median Household Income (2020),"$73,367",111.1%
48319,"Mason County, TX",2013,5.5,2014,4.6,2015,3.9,2016,3.6,2017,3.4,2018,3.1,2019,3.2,2020,5.5,2021,4.7,Median Household Income (2020),"$63,120",95.6%
48321,"Matagorda County, TX",2013,9.8,2014,8.0,2015,6.8,2016,7.3,2017,7.4,2018,6.2,2019,5.7,2020,10.5,2021,8.3,Median Household Income (2020),"$52,241",79.1%
48323,"Maverick County, TX",2013,12.6,2014,11.1,2015,10.7,2016,11.3,2017,9.4,2018,8.2,2019,7.6,2020,15.1,2021,12.7,Median Household Income (2020),"$41,324",62.6%
48325,"Medina County, TX",2013,6.1,2014,5.0,2015,4.4,2016,4.4,2017,3.9,2018,3.5,2019,3.2,2020,6.3,2021,5.0,Median Household Income (2020),"$62,600",94.8%
48327,"Menard County, TX",2013,5.9,2014,4.8,2015,5.3,2016,4.5,2017,4.9,2018,4.1,2019,3.4,2020,5.1,2021,4.8,Median Household Income (2020),"$41,477",62.8%
48329,"Midland County, TX",2013,3.7,2014,2.9,2015,3.5,2016,4.4,2017,3.0,2018,2.1,2019,2.1,2020,8.0,2021,5.7,Median Household Income (2020),"$92,117",139.5%
48331,"Milam County, TX",2013,7.9,2014,6.3,2015,5.3,2016,5.2,2017,5.1,2018,5.5,2019,5.0,2020,7.2,2021,5.8,Median Household Income (2020),"$49,961",75.6%
48333,"Mills County, TX",2013,5.3,2014,4.4,2015,3.7,2016,4.2,2017,3.6,2018,3.5,2019,3.3,2020,4.1,2021,4.4,Median Household Income (2020),"$49,089",74.3%
48335,"Mitchell County, TX",2013,5.6,2014,4.3,2015,5.7,2016,7.0,2017,5.5,2018,4.2,2019,3.7,2020,7.9,2021,7.1,Median Household Income (2020),"$46,156",69.9%
48337,"Montague County, TX",2013,5.0,2014,4.0,2015,4.3,2016,5.0,2017,4.0,2018,3.2,2019,2.9,2020,6.6,2021,5.1,Median Household Income (2020),"$56,012",84.8%
48339,"Montgomery County, TX",2013,5.5,2014,4.5,2015,4.3,2016,4.9,2017,4.4,2018,3.8,2019,3.4,2020,7.5,2021,5.8,Median Household Income (2020),"$85,348",129.2%
48341,"Moore County, TX",2013,4.3,2014,3.5,2015,3.1,2016,3.0,2017,2.9,2018,2.7,2019,2.3,2020,3.7,2021,3.3,Median Household Income (2020),"$53,341",80.8%
48343,"Morris County, TX",2013,9.7,2014,7.9,2015,8.9,2016,10.9,2017,8.7,2018,6.6,2019,5.3,2020,11.2,2021,10.5,Median Household Income (2020),"$45,122",68.3%
48345,"Motley County, TX",2013,6.0,2014,4.2,2015,3.7,2016,3.5,2017,3.7,2018,3.7,2019,3.4,2020,4.4,2021,5.1,Median Household Income (2020),"$46,712",70.7%
48347,"Nacogdoches County, TX",2013,6.6,2014,5.4,2015,4.7,2016,4.7,2017,4.3,2018,3.9,2019,3.7,2020,6.6,2021,5.5,Median Household Income (2020),"$49,375",74.8%
48349,"Navarro County, TX",2013,6.6,2014,5.3,2015,4.2,2016,4.2,2017,4.0,2018,3.7,2019,3.3,2020,6.2,2021,5.1,Median Household Income (2020),"$50,778",76.9%
48351,"Newton County, TX",2013,10.8,2014,8.4,2015,7.6,2016,7.9,2017,8.0,2018,6.8,2019,6.3,2020,11.1,2021,10.4,Median Household Income (2020),"$45,769",69.3%
48353,"Nolan County, TX",2013,5.7,2014,4.3,2015,4.1,2016,4.8,2017,4.1,2018,3.3,2019,2.9,2020,5.4,2021,4.8,Median Household Income (2020),"$41,720",63.2%
48355,"Nueces County, TX",2013,6.2,2014,5.2,2015,5.0,2016,5.6,2017,5.5,2018,4.7,2019,4.1,2020,8.9,2021,6.9,Median Household Income (2020),"$55,727",84.4%
48357,"Ochiltree County, TX",2013,3.8,2014,3.0,2015,4.3,2016,5.3,2017,3.7,2018,2.8,2019,2.7,2020,5.8,2021,4.6,Median Household Income (2020),"$71,477",108.2%
48359,"Oldham County, TX",2013,4.5,2014,3.7,2015,3.0,2016,3.0,2017,2.6,2018,2.7,2019,2.9,2020,3.9,2021,3.5,Median Household Income (2020),"$61,013",92.4%
48361,"Orange County, TX",2013,10.5,2014,8.1,2015,6.6,2016,6.7,2017,7.0,2018,5.8,2019,5.2,2020,10.6,2021,9.0,Median Household Income (2020),"$61,323",92.8%
48363,"Palo Pinto County, TX",2013,6.6,2014,5.2,2015,5.2,2016,5.5,2017,4.1,2018,3.4,2019,3.2,2020,7.0,2021,5.7,Median Household Income (2020),"$59,450",90.0%
48365,"Panola County, TX",2013,6.2,2014,5.0,2015,5.3,2016,7.2,2017,5.5,2018,4.2,2019,4.1,2020,8.4,2021,6.7,Median Household Income (2020),"$51,936",78.6%
48367,"Parker County, TX",2013,5.6,2014,4.6,2015,4.2,2016,4.1,2017,3.5,2018,3.1,2019,2.9,2020,5.8,2021,4.4,Median Household Income (2020),"$88,617",134.2%
48369,"Parmer County, TX",2013,3.9,2014,3.1,2015,2.4,2016,2.5,2017,2.5,2018,2.4,2019,2.2,2020,2.6,2021,2.9,Median Household Income (2020),"$61,989",93.9%
48371,"Pecos County, TX",2013,5.5,2014,4.2,2015,5.2,2016,5.9,2017,4.7,2018,3.7,2019,3.3,2020,8.3,2021,7.1,Median Household Income (2020),"$52,792",79.9%
48373,"Polk County, TX",2013,7.8,2014,6.5,2015,6.1,2016,6.3,2017,6.1,2018,5.1,2019,4.8,2020,8.8,2021,8.0,Median Household Income (2020),"$47,535",72.0%
48375,"Potter County, TX",2013,5.1,2014,4.0,2015,3.4,2016,3.4,2017,3.2,2018,3.0,2019,2.7,2020,5.5,2021,4.3,Median Household Income (2020),"$45,903",69.5%
48377,"Presidio County, TX",2013,13.0,2014,11.8,2015,10.7,2016,10.7,2017,9.5,2018,7.0,2019,6.4,2020,14.8,2021,10.5,Median Household Income (2020),"$39,967",60.5%
48379,"Rains County, TX",2013,6.2,2014,5.0,2015,4.6,2016,4.0,2017,3.6,2018,3.5,2019,3.0,2020,4.7,2021,3.9,Median Household Income (2020),"$59,195",89.6%
48381,"Randall County, TX",2013,4.3,2014,3.5,2015,2.9,2016,3.0,2017,2.8,2018,2.6,2019,2.4,2020,4.5,2021,3.5,Median Household Income (2020),"$71,041",107.6%
48383,"Reagan County, TX",2013,4.0,2014,3.2,2015,4.6,2016,6.2,2017,3.9,2018,2.5,2019,2.6,2020,9.8,2021,7.7,Median Household Income (2020),"$66,711",101.0%
48385,"Real County, TX",2013,8.1,2014,6.3,2015,5.2,2016,5.7,2017,5.7,2018,5.0,2019,3.9,2020,6.5,2021,5.9,Median Household Income (2020),"$43,076",65.2%
48387,"Red River County, TX",2013,10.1,2014,7.9,2015,6.4,2016,5.8,2017,5.3,2018,5.5,2019,4.6,2020,6.4,2021,5.9,Median Household Income (2020),"$46,727",70.7%
48389,"Reeves County, TX",2013,5.8,2014,4.1,2015,4.8,2016,5.3,2017,3.6,2018,2.1,2019,1.8,2020,7.2,2021,5.9,Median Household Income (2020),"$64,863",98.2%
48391,"Refugio County, TX",2013,5.4,2014,4.3,2015,5.4,2016,6.6,2017,5.6,2018,4.6,2019,3.7,2020,8.2,2021,6.7,Median Household Income (2020),"$48,433",73.3%
48393,"Roberts County, TX",2013,4.5,2014,3.8,2015,3.9,2016,4.5,2017,3.9,2018,2.8,2019,2.9,2020,4.5,2021,4.3,Median Household Income (2020),"$69,927",105.9%
48395,"Robertson County, TX",2013,7.1,2014,5.4,2015,4.8,2016,5.1,2017,4.8,2018,4.2,2019,3.6,2020,6.4,2021,5.3,Median Household Income (2020),"$55,218",83.6%
48397,"Rockwall County, TX",2013,5.8,2014,4.6,2015,3.8,2016,3.5,2017,3.4,2018,3.3,2019,3.1,2020,5.9,2021,4.3,Median Household Income (2020),"$106,225",160.8%
48399,"Runnels County, TX",2013,5.3,2014,4.3,2015,3.7,2016,4.0,2017,3.7,2018,3.2,2019,2.8,2020,4.9,2021,4.1,Median Household Income (2020),"$50,972",77.2%
48401,"Rusk County, TX",2013,6.3,2014,5.0,2015,4.8,2016,5.8,2017,5.1,2018,4.1,2019,3.6,2020,7.3,2021,6.0,Median Household Income (2020),"$56,954",86.2%
48403,"Sabine County, TX",2013,13.0,2014,10.7,2015,9.4,2016,9.4,2017,8.7,2018,8.0,2019,6.6,2020,10.8,2021,9.5,Median Household Income (2020),"$51,046",77.3%
48405,"San Augustine County, TX",2013,11.7,2014,9.7,2015,9.1,2016,8.9,2017,7.5,2018,6.5,2019,4.8,2020,9.6,2021,8.2,Median Household Income (2020),"$45,781",69.3%
48407,"San Jacinto County, TX",2013,7.6,2014,5.8,2015,5.6,2016,6.3,2017,5.8,2018,5.0,2019,4.6,2020,8.1,2021,7.4,Median Household Income (2020),"$51,575",78.1%
48409,"San Patricio County, TX",2013,7.2,2014,6.3,2015,6.6,2016,7.5,2017,7.7,2018,6.4,2019,5.5,2020,10.2,2021,8.8,Median Household Income (2020),"$56,944",86.2%
48411,"San Saba County, TX",2013,5.8,2014,4.2,2015,3.7,2016,3.4,2017,3.3,2018,3.1,2019,3.0,2020,5.2,2021,4.7,Median Household Income (2020),"$48,349",73.2%
48413,"Schleicher County, TX",2013,3.6,2014,3.0,2015,5.3,2016,5.2,2017,3.8,2018,2.9,2019,2.9,2020,6.9,2021,5.5,Median Household Income (2020),"$54,471",82.5%
48415,"Scurry County, TX",2013,4.2,2014,3.4,2015,4.2,2016,5.9,2017,4.4,2018,3.4,2019,3.2,2020,8.2,2021,6.7,Median Household Income (2020),"$57,158",86.5%
48417,"Shackelford County, TX",2013,3.3,2014,2.8,2015,2.9,2016,3.8,2017,3.0,2018,2.3,2019,2.2,2020,5.3,2021,4.0,Median Household Income (2020),"$64,931",98.3%
48419,"Shelby County, TX",2013,7.5,2014,5.9,2015,5.3,2016,6.0,2017,5.2,2018,4.3,2019,3.9,2020,6.8,2021,5.4,Median Household Income (2020),"$41,194",62.4%
48421,"Sherman County, TX",2013,4.1,2014,3.2,2015,2.7,2016,3.0,2017,3.1,2018,2.7,2019,2.4,2020,3.1,2021,3.0,Median Household Income (2020),"$66,408",100.5%
48423,"Smith County, TX",2013,6.6,2014,5.3,2015,4.5,2016,4.5,2017,4.1,2018,3.7,2019,3.3,2020,6.8,2021,5.1,Median Household Income (2020),"$60,735",92.0%
48425,"Somervell County, TX",2013,6.1,2014,5.2,2015,5.1,2016,4.8,2017,4.6,2018,4.2,2019,3.6,2020,6.5,2021,5.2,Median Household Income (2020),"$67,984",102.9%
48427,"Starr County, TX",2013,15.1,2014,13.8,2015,13.6,2016,13.4,2017,11.9,2018,10.2,2019,9.9,2020,17.5,2021,16.2,Median Household Income (2020),"$35,716",54.1%
48429,"Stephens County, TX",2013,5.2,2014,4.4,2015,4.2,2016,5.3,2017,4.6,2018,3.6,2019,3.0,2020,6.1,2021,4.9,Median Household Income (2020),"$48,911",74.1%
48431,"Sterling County, TX",2013,3.9,2014,3.0,2015,3.5,2016,3.9,2017,3.7,2018,3.5,2019,3.2,2020,6.5,2021,5.1,Median Household Income (2020),"$68,435",103.6%
48433,"Stonewall County, TX",2013,4.8,2014,3.9,2015,4.4,2016,4.4,2017,3.6,2018,3.4,2019,2.9,2020,5.1,2021,4.1,Median Household Income (2020),"$59,802",90.5%
48435,"Sutton County, TX",2013,4.6,2014,3.6,2015,6.1,2016,8.0,2017,5.1,2018,3.9,2019,3.7,2020,9.9,2021,8.3,Median Household Income (2020),"$64,612",97.8%
48437,"Swisher County, TX",2013,8.5,2014,6.2,2015,4.8,2016,4.3,2017,4.1,2018,4.3,2019,3.7,2020,5.2,2021,4.9,Median Household Income (2020),"$39,897",60.4%
48439,"Tarrant County, TX",2013,6.1,2014,5.1,2015,4.2,2016,4.0,2017,3.8,2018,3.5,2019,3.3,2020,7.4,2021,5.3,Median Household Income (2020),"$72,064",109.1%
48441,"Taylor County, TX",2013,5.3,2014,4.3,2015,3.7,2016,3.7,2017,3.6,2018,3.2,2019,2.9,2020,5.5,2021,4.3,Median Household Income (2020),"$52,974",80.2%
48443,"Terrell County, TX",2013,5.0,2014,4.6,2015,4.8,2016,4.2,2017,4.6,2018,3.5,2019,3.5,2020,4.5,2021,3.6,Median Household Income (2020),"$42,849",64.9%
48445,"Terry County, TX",2013,6.0,2014,4.4,2015,4.7,2016,4.8,2017,5.1,2018,4.1,2019,3.6,2020,7.3,2021,6.1,Median Household Income (2020),"$47,292",71.6%
48447,"Throckmorton County, TX",2013,5.0,2014,4.0,2015,3.2,2016,3.5,2017,4.4,2018,3.3,2019,3.7,2020,4.7,2021,2.8,Median Household Income (2020),"$46,820",70.9%
48449,"Titus County, TX",2013,7.5,2014,6.4,2015,5.8,2016,6.2,2017,5.4,2018,5.1,2019,4.1,2020,6.7,2021,5.4,Median Household Income (2020),"$52,973",80.2%
48451,"Tom Green County, TX",2013,5.2,2014,4.1,2015,4.1,2016,4.5,2017,3.7,2018,3.2,2019,3.0,2020,6.3,2021,4.9,Median Household Income (2020),"$55,990",84.8%
48453,"Travis County, TX",2013,5.1,2014,4.1,2015,3.3,2016,3.2,2017,3.1,2018,2.9,2019,2.6,2020,6.4,2021,4.0,Median Household Income (2020),"$82,605",125.1%
48455,"Trinity County, TX",2013,7.5,2014,6.1,2015,5.9,2016,6.1,2017,5.6,2018,5.2,2019,4.8,2020,8.1,2021,7.3,Median Household Income (2020),"$47,685",72.2%
48457,"Tyler County, TX",2013,10.3,2014,8.1,2015,7.1,2016,7.3,2017,7.4,2018,6.7,2019,5.7,2020,9.9,2021,8.5,Median Household Income (2020),"$48,809",73.9%
48459,"Upshur County, TX",2013,6.4,2014,5.2,2015,5.3,2016,6.4,2017,5.3,2018,4.2,2019,3.7,2020,7.7,2021,6.3,Median Household Income (2020),"$58,231",88.2%
48461,"Upton County, TX",2013,4.2,2014,3.3,2015,3.9,2016,5.3,2017,3.8,2018,3.5,2019,3.0,2020,5.7,2021,5.2,Median Household Income (2020),"$59,593",90.2%
48463,"Uvalde County, TX",2013,7.1,2014,5.8,2015,5.1,2016,5.3,2017,4.7,2018,4.3,2019,3.8,2020,6.4,2021,5.5,Median Household Income (2020),"$49,275",74.6%
48465,"Val Verde County, TX",2013,7.5,2014,5.8,2015,6.0,2016,6.3,2017,5.1,2018,3.9,2019,3.3,2020,8.3,2021,5.9,Median Household Income (2020),"$54,346",82.3%
48467,"Van Zandt County, TX",2013,6.6,2014,5.4,2015,4.5,2016,4.3,2017,3.8,2018,3.5,2019,3.3,2020,6.1,2021,4.7,Median Household Income (2020),"$57,891",87.6%
48469,"Victoria County, TX",2013,5.4,2014,4.2,2015,4.2,2016,5.4,2017,4.9,2018,3.9,2019,3.5,2020,8.3,2021,6.4,Median Household Income (2020),"$53,583",81.1%
48471,"Walker County, TX",2013,6.7,2014,5.5,2015,5.1,2016,5.3,2017,4.7,2018,4.2,2019,3.9,2020,7.2,2021,6.3,Median Household Income (2020),"$43,002",65.1%
48473,"Waller County, TX",2013,6.5,2014,5.2,2015,4.8,2016,5.6,2017,4.9,2018,4.3,2019,3.8,2020,7.6,2021,6.4,Median Household Income (2020),"$69,460",105.2%
48475,"Ward County, TX",2013,4.7,2014,3.6,2015,4.3,2016,5.7,2017,4.1,2018,2.6,2019,2.4,2020,9.5,2021,7.2,Median Household Income (2020),"$57,257",86.7%
48477,"Washington County, TX",2013,5.5,2014,4.7,2015,4.8,2016,5.1,2017,4.3,2018,3.7,2019,3.4,2020,5.6,2021,5.2,Median Household Income (2020),"$62,667",94.9%
48479,"Webb County, TX",2013,6.2,2014,5.2,2015,4.8,2016,4.9,2017,4.2,2018,3.8,2019,3.7,2020,8.5,2021,6.3,Median Household Income (2020),"$56,588",85.7%
48481,"Wharton County, TX",2013,6.0,2014,4.7,2015,4.4,2016,5.0,2017,4.5,2018,3.7,2019,3.4,2020,6.8,2021,5.7,Median Household Income (2020),"$55,887",84.6%
48483,"Wheeler County, TX",2013,4.3,2014,3.6,2015,3.9,2016,4.8,2017,4.0,2018,3.2,2019,3.0,2020,6.1,2021,6.2,Median Household Income (2020),"$49,838",75.5%
48485,"Wichita County, TX",2013,5.9,2014,4.9,2015,4.3,2016,4.4,2017,3.7,2018,3.4,2019,3.2,2020,6.6,2021,5.3,Median Household Income (2020),"$54,659",82.8%
48487,"Wilbarger County, TX",2013,5.8,2014,5.0,2015,4.9,2016,4.7,2017,4.7,2018,4.2,2019,3.6,2020,5.9,2021,6.6,Median Household Income (2020),"$51,774",78.4%
48489,"Willacy County, TX",2013,15.9,2014,12.5,2015,13.1,2016,12.3,2017,11.1,2018,9.9,2019,8.3,2020,12.0,2021,10.5,Median Household Income (2020),"$40,190",60.8%
48491,"Williamson County, TX",2013,5.3,2014,4.4,2015,3.5,2016,3.4,2017,3.3,2018,3.1,2019,2.8,2020,5.8,2021,4.0,Median Household Income (2020),"$91,507",138.5%
48493,"Wilson County, TX",2013,5.3,2014,4.2,2015,3.8,2016,3.9,2017,3.5,2018,3.1,2019,2.8,2020,5.7,2021,4.4,Median Household Income (2020),"$74,529",112.8%
48495,"Winkler County, TX",2013,5.3,2014,4.4,2015,5.7,2016,7.7,2017,5.2,2018,2.9,2019,2.9,2020,9.4,2021,7.7,Median Household Income (2020),"$77,960",118.0%
48497,"Wise County, TX",2013,6.0,2014,4.9,2015,4.7,2016,4.7,2017,4.0,2018,3.5,2019,3.2,2020,6.5,2021,4.9,Median Household Income (2020),"$71,636",108.5%
48499,"Wood County, TX",2013,7.3,2014,6.0,2015,5.3,2016,5.3,2017,4.7,2018,4.3,2019,3.9,2020,6.6,2021,5.6,Median Household Income (2020),"$61,886",93.7%
48501,"Yoakum County, TX",2013,3.9,2014,3.1,2015,3.8,2016,4.8,2017,3.6,2018,2.9,2019,2.9,2020,12.0,2021,7.8,Median Household Income (2020),"$67,132",101.6%
48503,"Young County, TX",2013,5.2,2014,4.1,2015,4.3,2016,4.4,2017,3.8,2018,3.3,2019,3.0,2020,5.3,2021,4.5,Median Household Income (2020),"$54,569",82.6%
48505,"Zapata County, TX",2013,6.3,2014,5.3,2015,7.7,2016,10.8,2017,7.5,2018,5.6,2019,5.0,2020,12.2,2021,12.1,Median Household Income (2020),"$39,876",60.4%
48507,"Zavala County, TX",2013,14.6,2014,12.3,2015,11.3,2016,13.9,2017,11.3,2018,9.7,2019,8.5,2020,14.3,2021,12.7,Median Household Income (2020),"$34,898",52.8%

fips3,fips4,year2,value2,Textbox18,ID20092,Textbox28,ID20102,Textbox31,ID20112,Textbox23,ID20122,Textbox34,ID20132,Textbox37,ID20142,Textbox40,ID20152,Textbox47,ID2016,Textbox13,Textbox24
01000,Alabama,2013,7.3,2014,6.7,2015,6.1,2016,5.9,2017,4.5,2018,3.9,2019,3.2,2020,6.5,2021,3.4,Median Household Income (2020),"$53,958"
02000,Alaska,2013,7.0,2014,6.7,2015,6.3,2016,6.6,2017,6.5,2018,6.0,2019,5.5,2020,8.2,2021,6.4,Median Household Income (2020),"$79,961"
04000,Arizona,2013,7.8,2014,6.8,2015,6.1,2016,5.5,2017,5.0,2018,4.8,2019,4.9,2020,7.7,2021,4.9,Median Household Income (2020),"$64,652"
05000,Arkansas,2013,7.1,2014,5.9,2015,5.0,2016,4.0,2017,3.7,2018,3.6,2019,3.5,2020,6.1,2021,4.0,Median Household Income (2020),"$51,146"
06000,California,2013,9.0,2014,7.6,2015,6.3,2016,5.5,2017,4.8,2018,4.3,2019,4.1,2020,10.2,2021,7.3,Median Household Income (2020),"$83,001"
08000,Colorado,2013,6.7,2014,5.0,2015,3.7,2016,3.1,2017,2.6,2018,3.0,2019,2.6,2020,6.9,2021,5.4,Median Household Income (2020),"$77,688"
09000,Connecticut,2013,8.0,2014,6.6,2015,5.6,2016,4.8,2017,4.4,2018,3.9,2019,3.5,2020,7.8,2021,6.3,Median Household Income (2020),"$79,723"
10000,Delaware,2013,6.6,2014,5.6,2015,4.8,2016,4.5,2017,4.5,2018,3.8,2019,3.7,2020,7.6,2021,5.3,Median Household Income (2020),"$71,335"
11000,District of Columbia,2013,8.4,2014,7.7,2015,6.9,2016,6.2,2017,6.1,2018,5.6,2019,5.4,2020,8.0,2021,6.6,Median Household Income (2020),"$91,957"
12000,Florida,2013,7.5,2014,6.4,2015,5.5,2016,4.9,2017,4.3,2018,3.7,2019,3.2,2020,8.2,2021,4.6,Median Household Income (2020),"$61,724"
13000,Georgia,2013,8.1,2014,7.1,2015,6.1,2016,5.4,2017,4.8,2018,4.0,2019,3.6,2020,6.5,2021,3.9,Median Household Income (2020),"$62,800"
15000,Hawaii,2013,4.8,2014,4.2,2015,3.4,2016,2.9,2017,2.2,2018,2.4,2019,2.5,2020,12.0,2021,5.7,Median Household Income (2020),"$86,878"
16000,Idaho,2013,6.8,2014,4.4,2015,3.9,2016,3.7,2017,3.2,2018,2.9,2019,3.0,2020,5.5,2021,3.6,Median Household Income (2020),"$62,603"
17000,Illinois,2013,9.1,2014,7.2,2015,6.0,2016,5.9,2017,4.9,2018,4.4,2019,4.0,2020,9.2,2021,6.1,Median Household Income (2020),"$71,243"
18000,Indiana,2013,7.5,2014,5.9,2015,4.8,2016,4.4,2017,3.5,2018,3.4,2019,3.3,2020,7.2,2021,3.6,Median Household Income (2020),"$60,794"
19000,Iowa,2013,4.7,2014,4.2,2015,3.7,2016,3.6,2017,3.1,2018,2.5,2019,2.6,2020,5.1,2021,4.2,Median Household Income (2020),"$62,362"
20000,Kansas,2013,5.3,2014,4.5,2015,4.2,2016,4.0,2017,3.6,2018,3.3,2019,3.1,2020,5.7,2021,3.2,Median Household Income (2020),"$63,214"
21000,Kentucky,2013,7.9,2014,6.4,2015,5.2,2016,5.0,2017,4.8,2018,4.2,2019,4.1,2020,6.4,2021,4.7,Median Household Income (2020),"$54,074"
22000,Louisiana,2013,6.4,2014,6.3,2015,6.3,2016,6.1,2017,5.1,2018,4.8,2019,4.6,2020,8.7,2021,5.5,Median Household Income (2020),"$51,730"
23000,Maine,2013,6.7,2014,5.6,2015,4.4,2016,3.8,2017,3.4,2018,3.1,2019,2.8,2020,5.0,2021,4.6,Median Household Income (2020),"$59,145"
24000,Maryland,2013,6.5,2014,5.7,2015,5.0,2016,4.3,2017,4.0,2018,3.6,2019,3.4,2020,6.7,2021,5.8,Median Household Income (2020),"$88,589"
25000,Massachusetts,2013,6.6,2014,5.7,2015,4.8,2016,4.0,2017,3.8,2018,3.4,2019,3.1,2020,9.4,2021,5.7,Median Household Income (2020),"$87,288"
26000,Michigan,2013,8.7,2014,7.2,2015,5.4,2016,5.0,2017,4.6,2018,4.2,2019,4.1,2020,10.0,2021,5.9,Median Household Income (2020),"$61,352"
27000,Minnesota,2013,5.0,2014,4.3,2015,3.8,2016,3.9,2017,3.5,2018,3.1,2019,3.4,2020,6.3,2021,3.4,Median Household Income (2020),"$75,489"
28000,Mississippi,2013,8.5,2014,7.6,2015,6.5,2016,5.9,2017,5.2,2018,4.9,2019,5.4,2020,7.9,2021,5.6,Median Household Income (2020),"$47,368"
29000,Missouri,2013,6.8,2014,6.2,2015,5.1,2016,4.5,2017,3.7,2018,3.2,2019,3.1,2020,6.1,2021,4.4,Median Household Income (2020),"$58,812"
30000,Montana,2013,5.4,2014,4.7,2015,4.3,2016,4.3,2017,4.1,2018,3.7,2019,3.6,2020,5.8,2021,3.4,Median Household Income (2020),"$57,730"
31000,Nebraska,2013,3.7,2014,3.3,2015,3.0,2016,3.1,2017,3.0,2018,2.9,2019,3.0,2020,4.1,2021,2.5,Median Household Income (2020),"$64,735"
32000,Nevada,2013,10.0,2014,8.2,2015,6.8,2016,5.8,2017,5.0,2018,4.4,2019,4.0,2020,13.5,2021,7.2,Median Household Income (2020),"$64,608"
33000,New Hampshire,2013,5.3,2014,4.3,2015,3.4,2016,2.9,2017,2.8,2018,2.6,2019,2.6,2020,6.7,2021,3.5,Median Household Income (2020),"$81,415"
34000,New Jersey,2013,8.4,2014,6.7,2015,5.7,2016,4.9,2017,4.5,2018,4.0,2019,3.4,2020,9.5,2021,6.3,Median Household Income (2020),"$87,095"
35000,New Mexico,2013,6.9,2014,6.6,2015,6.6,2016,6.7,2017,6.1,2018,4.9,2019,4.9,2020,8.1,2021,6.8,Median Household Income (2020),"$52,285"
36000,New York,2013,7.8,2014,6.3,2015,5.2,2016,4.9,2017,4.6,2018,4.1,2019,3.8,2020,9.9,2021,6.9,Median Household Income (2020),"$73,354"
37000,North Carolina,2013,7.8,2014,6.1,2015,5.7,2016,5.1,2017,4.5,2018,4.0,2019,3.8,2020,7.1,2021,4.8,Median Household Income (2020),"$59,616"
38000,North Dakota,2013,2.9,2014,2.6,2015,2.8,2016,3.1,2017,2.6,2018,2.4,2019,2.1,2020,5.1,2021,3.7,Median Household Income (2020),"$64,289"
39000,Ohio,2013,7.5,2014,5.8,2015,5.0,2016,5.0,2017,5.0,2018,4.5,2019,4.2,2020,8.2,2021,5.1,Median Household Income (2020),"$60,360"
40000,Oklahoma,2013,5.1,2014,4.3,2015,4.3,2016,4.6,2017,4.0,2018,3.3,2019,3.1,2020,6.2,2021,3.8,Median Household Income (2020),"$54,512"
41000,Oregon,2013,7.8,2014,6.7,2015,5.5,2016,4.7,2017,4.1,2018,4.0,2019,3.7,2020,7.6,2021,5.2,Median Household Income (2020),"$67,832"
42000,Pennsylvania,2013,7.1,2014,5.9,2015,5.4,2016,5.3,2017,5.0,2018,4.5,2019,4.5,2020,9.1,2021,6.3,Median Household Income (2020),"$64,898"
44000,Rhode Island,2013,9.5,2014,7.8,2015,6.0,2016,5.2,2017,4.5,2018,4.1,2019,3.6,2020,9.2,2021,5.6,Median Household Income (2020),"$73,919"
45000,South Carolina,2013,7.4,2014,6.3,2015,5.9,2016,4.9,2017,4.2,2018,3.4,2019,2.8,2020,6.0,2021,4.0,Median Household Income (2020),"$57,216"
46000,South Dakota,2013,3.7,2014,3.3,2015,3.0,2016,3.0,2017,3.1,2018,2.8,2019,2.8,2020,4.3,2021,3.1,Median Household Income (2020),"$61,149"
47000,Tennessee,2013,7.8,2014,6.6,2015,5.6,2016,4.7,2017,3.7,2018,3.5,2019,3.4,2020,7.4,2021,4.3,Median Household Income (2020),"$56,962"
48000,Texas,2013,6.3,2014,5.2,2015,4.5,2016,4.6,2017,4.3,2018,3.9,2019,3.5,2020,7.7,2021,5.7,Median Household Income (2020),"$66,048"
49000,Utah,2013,4.2,2014,3.6,2015,3.5,2016,3.3,2017,3.1,2018,2.9,2019,2.6,2020,4.7,2021,2.7,Median Household Income (2020),"$77,785"
50000,Vermont,2013,4.4,2014,4.0,2015,3.5,2016,3.1,2017,3.0,2018,2.6,2019,2.3,2020,5.6,2021,3.4,Median Household Income (2020),"$67,717"
51000,Virginia,2013,5.6,2014,5.1,2015,4.4,2016,4.0,2017,3.7,2018,3.0,2019,2.8,2020,6.2,2021,3.9,Median Household Income (2020),"$79,154"
53000,Washington,2013,6.6,2014,5.9,2015,5.4,2016,5.2,2017,4.6,2018,4.4,2019,4.3,2020,8.5,2021,5.2,Median Household Income (2020),"$80,319"
54000,West Virginia,2013,6.7,2014,6.5,2015,6.6,2016,6.1,2017,5.2,2018,5.2,2019,4.9,2020,8.2,2021,5.0,Median Household Income (2020),"$49,202"
55000,Wisconsin,2013,6.7,2014,5.3,2015,4.4,2016,3.9,2017,3.3,2018,3.0,2019,3.2,2020,6.3,2021,3.8,Median Household Income (2020),"$64,901"
56000,Wyoming,2013,4.8,2014,4.3,2015,4.2,2016,5.4,2017,4.3,2018,4.1,2019,3.7,2020,5.8,2021,4.5,Median Household Income (2020),"$67,284"
72000,Puerto Rico,2013,14.3,2014,13.9,2015,12.0,2016,11.8,2017,10.8,2018,9.2,2019,8.3,2020,,2021,7.9,Median Household Income (2020),

